{"cameraMode":{"drawMode":0,"name":"Shaded","section":"Shading Mode"},"sceneLighting":true,"audioPlay":false,"sceneViewState":{"m_AlwaysRefresh":false,"showFog":true,"showSkybox":true,"showFlares":true,"showImageEffects":true,"showParticleSystems":true,"showVisualEffectGraphs":true,"m_FxEnabled":true},"in2DMode":false,"pivot":{"x":-1.1381804943084717,"y":1.4466553926467896,"z":-1.4319806098937989},"rotation":{"x":0.10472124069929123,"y":0.170673206448555,"z":-0.018245868384838105,"w":0.9795780181884766},"size":1.1370928287506104,"orthographic":true}