{"cameraMode":{"drawMode":0,"name":"Shaded","section":"Shading Mode"},"sceneLighting":true,"audioPlay":false,"sceneViewState":{"m_AlwaysRefresh":false,"showFog":true,"showSkybox":true,"showFlares":true,"showImageEffects":true,"showParticleSystems":true,"showVisualEffectGraphs":true,"m_FxEnabled":true},"in2DMode":false,"pivot":{"x":-0.6755572557449341,"y":2.835845708847046,"z":0.39411064982414248},"rotation":{"x":0.08975479006767273,"y":-0.052263811230659488,"z":0.00471627339720726,"w":0.9945818781852722},"size":2.539388418197632,"orthographic":true}