{"cameraMode":{"drawMode":0,"name":"Shaded","section":"Shading Mode"},"sceneLighting":true,"audioPlay":false,"sceneViewState":{"m_AlwaysRefresh":false,"showFog":true,"showSkybox":true,"showFlares":true,"showImageEffects":true,"showParticleSystems":true,"showVisualEffectGraphs":true,"m_FxEnabled":true},"in2DMode":false,"pivot":{"x":0.7974364757537842,"y":14.923495292663575,"z":-23.027067184448243},"rotation":{"x":0.07433610409498215,"y":0.12531432509422303,"z":-0.009415628388524056,"w":0.9892896413803101},"size":6.774861812591553,"orthographic":false}